source,path,nb_images,ratio
Anthophila,7025.0,7161.0,0.9810082390727553
DG,854.0,875.0,0.976
HS,1017.0,1109.0,0.9170423805229937
LMDI,8281.0,8331.0,0.9939983195294683
New_Justine,577.0,577.0,1.0
Spipoll,50075.0,50169.0,0.9981263329944786
iNaturalist,96550.0,97295.0,0.9923428747623207
inat_25_04,177237.0,178410.0,0.9934252564318143
total,341616.0,343927.0,
